,timestamp,interval,lastCloseEp,openEp,highEp,lowEp,closeEp,volume,turnoverEv
1618155240,1618155240,60,597140000,597140000,597140000,597000000,597000000,522716,875375602
1618155300,1618155300,60,597000000,597000000,597005000,597000000,597000000,310854,520689134
1618155360,1618155360,60,597000000,597005000,597005000,596970000,596975000,66654,111651366
1618155420,1618155420,60,596975000,596975000,596975000,596920000,596920000,9645,16157211
1618155480,1618155480,60,596920000,596875000,596875000,596500000,596500000,236365,396149451
1618155540,1618155540,60,596500000,596500000,596500000,596085000,596120000,1294241,2170690503
1618155600,1618155600,60,596120000,596120000,596300000,596120000,596300000,201598,338081774
1618155660,1618155660,60,596300000,596300000,596445000,596295000,596445000,194447,326070532
1618155720,1618155720,60,596445000,596580000,596645000,596575000,596645000,4573,7665321
1618155780,1618155780,60,596645000,596740000,596930000,596740000,596930000,7753,12988133
1618155840,1618155840,60,596930000,596930000,596930000,596840000,596840000,16394,27463905
1618155900,1618155900,60,596840000,596840000,596840000,596835000,596840000,3933,6589722
1618155960,1618155960,60,596840000,596835000,596840000,596835000,596835000,12988,21761413
1618156020,1618156020,60,596835000,596800000,596800000,596295000,596440000,82383,138138395
1618156080,1618156080,60,596440000,596460000,597165000,596460000,597165000,1267301,2123180856
1618156140,1618156140,60,597165000,597200000,597755000,597200000,597755000,462420,774050199
1618156200,1618156200,60,597755000,597755000,597860000,597755000,597855000,47646,79698227
1618156260,1618156260,60,597855000,597850000,597855000,597850000,597855000,32707,54707260
1618156320,1618156320,60,597855000,597855000,597855000,597430000,597515000,53030,88714755
1618156380,1618156380,60,597515000,597515000,597515000,597495000,597495000,15854,26533876
1618156440,1618156440,60,597495000,597500000,597500000,597495000,597495000,23259,38927518
1618156500,1618156500,60,597495000,597495000,597505000,597495000,597505000,23080,38627515
1618156560,1618156560,60,597505000,597505000,597530000,597505000,597530000,29582,49507245
1618156620,1618156620,60,597530000,597530000,597530000,597525000,597530000,4662,7802160
1618156680,1618156680,60,597530000,597530000,597530000,597280000,597285000,86178,144248815
1618156740,1618156740,60,597285000,597280000,597280000,596890000,597000000,721683,1208803244
1618156800,1618156800,60,597000000,596995000,598105000,596995000,597855000,2127764,3561855239
1618156860,1618156860,60,597855000,597860000,597995000,597780000,597880000,1307722,2187537247
1618156920,1618156920,60,597880000,597875000,597875000,597265000,597265000,836135,1399559557
1618156980,1618156980,60,597265000,597195000,597200000,596215000,596215000,444268,744281091
1618157040,1618157040,60,596215000,596215000,596795000,596215000,596280000,146350,245419360
1618157100,1618157100,60,596280000,596280000,596280000,595610000,595995000,2178485,3654157529
1618157160,1618157160,60,595995000,595830000,597395000,595830000,597210000,266515,446549779
1618157220,1618157220,60,597210000,597210000,597410000,596995000,597410000,10365,17354946
1618157280,1618157280,60,597410000,597410000,597580000,597405000,597580000,222559,372538636
1618157340,1618157340,60,597580000,597580000,597580000,597560000,597560000,708562,1185755099
1618157400,1618157400,60,597560000,597560000,597975000,597560000,597975000,44292,74075615
1618157460,1618157460,60,597975000,597970000,598065000,597970000,598060000,206928,346000653
1618157520,1618157520,60,598060000,598065000,598185000,598065000,598180000,687659,1149739594
1618157580,1618157580,60,598180000,598180000,598185000,598005000,598005000,314465,525775974
1618157640,1618157640,60,598005000,598005000,598010000,597900000,597905000,225418,376949319
1618157700,1618157700,60,597905000,597905000,597905000,597525000,597530000,181508,303692800
1618157760,1618157760,60,597530000,597530000,597530000,597145000,597145000,484231,810786978
1618157820,1618157820,60,597145000,597145000,597350000,597145000,597345000,27784,46513522
1618157880,1618157880,60,597345000,597345000,597345000,597070000,597075000,84585,141659309
1618157940,1618157940,60,597075000,597110000,597350000,597110000,597350000,17252,28884880
1618158000,1618158000,60,597350000,597350000,597825000,597350000,597825000,57491,96230100
1618158060,1618158060,60,597825000,597825000,598040000,597745000,597745000,477533,798777206
1618158120,1618158120,60,597745000,597745000,597745000,597340000,597340000,663689,1110732595
1618158180,1618158180,60,597340000,597340000,597340000,597040000,597080000,168921,282838948
1618158240,1618158240,60,597080000,597075000,597080000,597075000,597075000,48776,81691391
1618158300,1618158300,60,597075000,597080000,597080000,596945000,597070000,342093,573056067
1618158360,1618158360,60,597070000,597070000,597070000,597065000,597065000,42355,70938665
1618158420,1618158420,60,597065000,597070000,597070000,596805000,596805000,169902,284600233
1618158480,1618158480,60,596805000,596805000,596810000,596450000,596450000,176199,295266551
1618158540,1618158540,60,596450000,596450000,596765000,596450000,596760000,27441,45991414
1618158600,1618158600,60,596760000,596765000,596765000,596370000,596370000,1318234,2209899952
1618158660,1618158660,60,596370000,596370000,596375000,596210000,596310000,35968,60318242
1618158720,1618158720,60,596310000,596310000,596375000,596305000,596375000,316754,531170444
1618158780,1618158780,60,596375000,596440000,596440000,596310000,596310000,1130562,1895633140
1618158840,1618158840,60,596310000,596310000,596320000,596305000,596320000,10261,17207490
1618158900,1618158900,60,596320000,596660000,596665000,596660000,596665000,30213,50636827
1618158960,1618158960,60,596665000,596660000,596665000,596660000,596660000,16076,26943199
1618159020,1618159020,60,596660000,596660000,596665000,596660000,596660000,3498,5862629
1618159080,1618159080,60,596660000,596660000,597010000,596660000,597010000,37936,63567655
1618159140,1618159140,60,597010000,597010000,597010000,596880000,596880000,5347,8956528
1618159200,1618159200,60,596880000,596880000,596885000,596485000,596485000,90255,151224957
1618159260,1618159260,60,596485000,596480000,596480000,596125000,596125000,1372130,2301038580
1618159320,1618159320,60,596125000,596120000,596285000,596075000,596280000,19519,32744686
1618159380,1618159380,60,596280000,596280000,596280000,596070000,596070000,275860,462746242
1618159440,1618159440,60,596070000,596070000,596070000,596065000,596065000,32879,55159634
1618159500,1618159500,60,596065000,596070000,596080000,596065000,596080000,12738,21369928
1618159560,1618159560,60,596080000,596095000,596215000,596095000,596210000,172629,289544685
1618159620,1618159620,60,596210000,596210000,596525000,596210000,596520000,199957,335347334
1618159680,1618159680,60,596520000,596525000,596525000,596520000,596525000,1446,2424042
1618159740,1618159740,60,596525000,596525000,596590000,596525000,596590000,13057,21888035
1618159800,1618159800,60,596590000,596590000,596590000,596035000,596040000,103001,172688010
1618159860,1618159860,60,596040000,596040000,596040000,596040000,596040000,4119,6910608
1618159920,1618159920,60,596040000,596040000,596040000,596035000,596035000,117440,197033990
1618159980,1618159980,60,596035000,596035000,596040000,596035000,596035000,1905,3196103
1618160040,1618160040,60,596035000,596040000,596040000,595795000,595815000,797886,1339017996
1618160100,1618160100,60,595815000,595815000,595815000,595735000,595735000,86675,145475202
1618160160,1618160160,60,595735000,595720000,595815000,595610000,595815000,163034,273657742
1618160220,1618160220,60,595815000,595815000,595815000,595810000,595810000,44766,75134245
1618160280,1618160280,60,595810000,595810000,595815000,595810000,595815000,2210,3709206
1618160340,1618160340,60,595815000,595815000,596000000,595815000,596000000,524437,880186918
1618160400,1618160400,60,596000000,596000000,596540000,596000000,596540000,43433,72830421
1618160460,1618160460,60,596540000,596570000,596570000,596470000,596485000,44640,74838844
1618160520,1618160520,60,596485000,596490000,596490000,595750000,595750000,147951,248306416
1618160580,1618160580,60,595750000,595755000,596210000,595755000,596210000,13562,22759219
1618160640,1618160640,60,596210000,596210000,596210000,596205000,596205000,6923,11611696
1618160700,1618160700,60,596205000,596205000,596205000,595730000,595730000,1087150,1824760719
1618160760,1618160760,60,595730000,595810000,595865000,595805000,595860000,51086,85735056
1618160820,1618160820,60,595860000,595865000,595865000,595850000,595850000,9142,15342465
1618160880,1618160880,60,595850000,595855000,595855000,595655000,595655000,34293,57556554
1618160940,1618160940,60,595655000,595650000,595650000,595645000,595645000,41019,68864839
1618161000,1618161000,60,595645000,595650000,595650000,595255000,595255000,62317,104646230
1618161060,1618161060,60,595255000,595255000,595255000,594705000,595115000,607379,1020902560
1618161120,1618161120,60,595115000,595120000,595315000,595115000,595315000,85180,143123570
1618161180,1618161180,60,595315000,595310000,595490000,595310000,595490000,145712,244739067
1618161240,1618161240,60,595490000,595485000,595490000,595485000,595490000,44105,74065338
1618161300,1618161300,60,595490000,595490000,595490000,595380000,595380000,53678,90148834
1618161360,1618161360,60,595380000,595375000,595545000,595305000,595540000,436150,732520481
1618161420,1618161420,60,595540000,595750000,595910000,595750000,595885000,265405,445394983
1618161480,1618161480,60,595885000,595885000,596130000,595885000,596130000,91808,154046020
1618161540,1618161540,60,596130000,596130000,596135000,595995000,596135000,384301,644747417
1618161600,1618161600,60,596135000,596135000,596135000,596130000,596130000,9667,16216159
1618161660,1618161660,60,596130000,596135000,596135000,596130000,596130000,70732,118651065
1618161720,1618161720,60,596130000,596135000,596440000,596135000,596435000,240544,403405862
1618161780,1618161780,60,596435000,596440000,596440000,596435000,596435000,463315,776806302
1618161840,1618161840,60,596435000,596440000,596440000,596435000,596440000,9960,16699079
1618161900,1618161900,60,596440000,596440000,596680000,596435000,596675000,759239,1272917556
1618161960,1618161960,60,596675000,596680000,597145000,596680000,597140000,298655,500281799
1618162020,1618162020,60,597140000,597140000,597435000,597135000,597435000,73359,122817800
1618162080,1618162080,60,597435000,597435000,598000000,597430000,597995000,361381,604698235
1618162140,1618162140,60,597995000,597995000,598020000,597995000,598015000,29727,49709366
1618162200,1618162200,60,598015000,598015000,598020000,597400000,597405000,625885,1047055472
1618162260,1618162260,60,597405000,597400000,597860000,597150000,597860000,1168767,1956363130
1618162320,1618162320,60,597860000,597860000,599050000,597860000,598725000,2396499,4003357972
1618162380,1618162380,60,598725000,598725000,599750000,598720000,599730000,1095375,1827966399
1618162440,1618162440,60,599730000,599730000,599775000,599425000,599675000,886636,1478693958
1618162500,1618162500,60,599675000,599675000,600260000,599675000,599945000,825071,1374879004
1618162560,1618162560,60,599945000,599940000,599945000,599135000,599140000,904184,1508353088
1618162620,1618162620,60,599140000,599110000,599110000,598695000,598700000,248703,415294382
1618162680,1618162680,60,598700000,598700000,599710000,598700000,599630000,465562,776733359
1618162740,1618162740,60,599630000,599630000,599635000,599025000,599025000,394339,658124584
1618162800,1618162800,60,599025000,598985000,599315000,598955000,599315000,701126,1170548246
1618162860,1618162860,60,599315000,599315000,599315000,598695000,598785000,471758,787394544
1618162920,1618162920,60,598785000,598785000,599110000,598785000,599110000,35307,58937097
1618162980,1618162980,60,599110000,599110000,599115000,599105000,599115000,251190,419272017
1618163040,1618163040,60,599115000,599135000,599135000,598820000,598825000,235572,393228143
1618163100,1618163100,60,598825000,598825000,598825000,598690000,598690000,75935,126812283
1618163160,1618163160,60,598690000,598690000,598690000,598685000,598690000,251590,420234220
1618163220,1618163220,60,598690000,598685000,598690000,598645000,598645000,99571,166318110
1618163280,1618163280,60,598645000,598650000,598650000,598645000,598645000,88755,148258836
1618163340,1618163340,60,598645000,598650000,598650000,598050000,598140000,1085338,1814012110
1618163400,1618163400,60,598140000,598135000,598345000,598135000,598345000,24422,40825117
1618163460,1618163460,60,598345000,598345000,598350000,598340000,598350000,9980,16679368
1618163520,1618163520,60,598350000,598350000,598600000,598340000,598600000,4123,6889588
1618163580,1618163580,60,598600000,598600000,598600000,598595000,598600000,8462,14136316
1618163640,1618163640,60,598600000,598600000,598600000,598595000,598600000,13941,23289367
1618163700,1618163700,60,598600000,598600000,598600000,598595000,598595000,43222,72205147
1618163760,1618163760,60,598595000,598595000,599000000,598595000,598995000,56446,94242095
1618163820,1618163820,60,598995000,598995000,599260000,598995000,599260000,49633,82853155
1618163880,1618163880,60,599260000,599260000,599260000,599255000,599260000,95200,158862721
1618163940,1618163940,60,599260000,599260000,599260000,599260000,599260000,26534,44277937
1618164000,1618164000,60,599260000,599265000,600000000,599260000,600000000,1502219,2505663368
1618164060,1618164060,60,600000000,600000000,600065000,599995000,600065000,186450,310730694
1618164120,1618164120,60,600065000,600060000,600065000,600060000,600065000,47504,79164918
1618164180,1618164180,60,600065000,600065000,600095000,600060000,600090000,222071,370078074
1618164240,1618164240,60,600090000,600080000,600080000,599495000,599495000,526795,878133390
1618164300,1618164300,60,599495000,599495000,599495000,599310000,599315000,264767,441780422
1618164360,1618164360,60,599315000,599315000,599315000,599275000,599280000,90715,151373007
1618164420,1618164420,60,599280000,599275000,599370000,599275000,599280000,1216940,2030634727
1618164480,1618164480,60,599280000,599260000,599260000,599255000,599260000,69027,115187689
1618164540,1618164540,60,599260000,599260000,599260000,599000000,599015000,408224,681309304
1618164600,1618164600,60,599015000,599015000,599420000,599015000,599090000,2055762,3430902722
1618164660,1618164660,60,599090000,599085000,599090000,599000000,599055000,50580,84435322
1618164720,1618164720,60,599055000,599055000,599055000,599055000,599055000,6120,10216084
1618164780,1618164780,60,599055000,599055000,599085000,599050000,599050000,801299,1337573183
1618164840,1618164840,60,599050000,599050000,599050000,598900000,598905000,33603,56103074
1618164900,1618164900,60,598905000,598905000,598930000,598900000,598930000,1389043,2319253423
1618164960,1618164960,60,598930000,598930000,598930000,598925000,598925000,527696,881064756
1618165020,1618165020,60,598925000,598925000,598930000,598925000,598925000,7410,12372060
1618165080,1618165080,60,598925000,598930000,598930000,598925000,598925000,60131,100398211
1618165140,1618165140,60,598925000,598930000,598930000,598925000,598930000,151158,252380075
1618165200,1618165200,60,598930000,598925000,598925000,598545000,598555000,174206,290966258
1618165260,1618165260,60,598555000,598550000,598555000,598550000,598550000,139353,232817638
1618165320,1618165320,60,598550000,598550000,598555000,598550000,598555000,85481,142813346
1618165380,1618165380,60,598555000,598555000,598555000,598550000,598550000,28282,47250837
1618165440,1618165440,60,598550000,598555000,598555000,598550000,598550000,8747,14613593
1618165500,1618165500,60,598550000,598550000,598555000,598550000,598550000,10914,18234026
1618165560,1618165560,60,598550000,598550000,598550000,598550000,598550000,11600,19380165
1618165620,1618165620,60,598550000,598555000,598555000,598550000,598550000,289138,483060073
1618165680,1618165680,60,598550000,598555000,598555000,598550000,598555000,4881,8154639
1618165740,1618165740,60,598555000,598555000,598555000,598550000,598555000,54821,91589177
1618165800,1618165800,60,598555000,598555000,598980000,598555000,598980000,878400,1467448484
1618165860,1618165860,60,598980000,598980000,598980000,598975000,598980000,51601,86148200
1618165920,1618165920,60,598980000,598980000,598980000,598980000,598980000,76331,127434971
1618165980,1618165980,60,598980000,598980000,599655000,598975000,599485000,268999,448876371
1618166040,1618166040,60,599485000,599490000,599800000,599490000,599800000,62281,103850137
1618166100,1618166100,60,599800000,599800000,599800000,599595000,599600000,405129,675462436
1618166160,1618166160,60,599600000,599595000,599600000,599110000,599220000,1552181,2590423604
1618166220,1618166220,60,599220000,599225000,599280000,599225000,599235000,461382,769894295
1618166280,1618166280,60,599235000,599235000,599235000,599005000,599005000,140529,234516046
1618166340,1618166340,60,599005000,599005000,599005000,599000000,599000000,8447,14101800
1618166400,1618166400,60,599000000,598940000,598940000,598850000,598850000,3423,5715372
1618166460,1618166460,60,598850000,598845000,598845000,598665000,598665000,13719,22913365
1618166520,1618166520,60,598665000,598595000,598600000,598595000,598600000,16304,27236929
1618166580,1618166580,60,598600000,598600000,598600000,598595000,598600000,3186,5322459
1618166640,1618166640,60,598600000,598600000,598600000,598600000,598600000,9620,16070831
1618166700,1618166700,60,598600000,598600000,599005000,598600000,598975000,38983,65094039
1618166760,1618166760,60,598975000,598980000,598980000,598800000,598970000,17061,28491067
1618166820,1618166820,60,598970000,598975000,598975000,598970000,598975000,9906,16538254
1618166880,1618166880,60,598975000,598915000,598915000,598720000,598725000,55049,91938890
1618166940,1618166940,60,598725000,598720000,598725000,598720000,598725000,115813,193434257
1618167000,1618167000,60,598725000,598725000,598885000,598725000,598885000,127842,213502578
1618167060,1618167060,60,598885000,598885000,598885000,598800000,598800000,710408,1186308593
1618167120,1618167120,60,598800000,598770000,598775000,598770000,598775000,8756,14623264
1618167180,1618167180,60,598775000,598775000,599005000,598775000,599005000,207371,346310457
1618167240,1618167240,60,599005000,599005000,599035000,599000000,599035000,29817,49777346
1618167300,1618167300,60,599035000,599030000,599185000,599025000,599035000,29060,48507900
1618167360,1618167360,60,599035000,599035000,599035000,598705000,598705000,32338,54001976
1618167420,1618167420,60,598705000,598705000,599450000,598705000,599450000,481232,803478856
1618167480,1618167480,60,599450000,599450000,599450000,599385000,599390000,26289,43855743
1618167540,1618167540,60,599390000,599390000,599450000,599380000,599380000,20812,34719243
1618167600,1618167600,60,599380000,599385000,599395000,599380000,599395000,1065399,1777465353
1618167660,1618167660,60,599395000,599395000,599450000,599395000,599450000,1609900,2685740995
1618167720,1618167720,60,599450000,599450000,599450000,599440000,599440000,17734,29584223
1618167780,1618167780,60,599440000,599440000,599445000,599440000,599440000,6377,10638222
1618167840,1618167840,60,599440000,599445000,599665000,599445000,599665000,136777,228131996
1618167900,1618167900,60,599665000,599725000,599800000,599725000,599795000,15447,25755703
1618167960,1618167960,60,599795000,599800000,599885000,599800000,599885000,764918,1275144413
1618168020,1618168020,60,599885000,599885000,600000000,599885000,599995000,89781,149648902
1618168080,1618168080,60,599995000,600000000,600855000,600000000,600855000,1698758,2828318989
1618168140,1618168140,60,600855000,600855000,600925000,600850000,600925000,251273,418166345
1618168200,1618168200,60,600925000,600925000,600925000,600920000,600920000,190575,317136289
1618168260,1618168260,60,600920000,600925000,600925000,600920000,600925000,325235,541225332
1618168320,1618168320,60,600925000,600925000,600925000,600890000,600890000,251053,417778355
1618168380,1618168380,60,600890000,600890000,600895000,600890000,600895000,101318,168612182
1618168440,1618168440,60,600895000,600895000,600900000,600890000,600900000,607435,1010883642
1618168500,1618168500,60,600900000,600900000,601965000,600900000,601960000,2117386,3521830577
1618168560,1618168560,60,601960000,601965000,602960000,601965000,602960000,1417389,2352228053
1618168620,1618168620,60,602960000,602960000,602960000,602450000,602820000,1958936,3250416354
1618168680,1618168680,60,602820000,602815000,602820000,602025000,602125000,837827,1390827031
1618168740,1618168740,60,602125000,602125000,602125000,602115000,602120000,370614,615515074
1618168800,1618168800,60,602120000,602120000,602395000,602115000,602385000,661982,1099208657
1618168860,1618168860,60,602385000,602385000,602385000,601200000,601205000,549501,913443591
1618168920,1618168920,60,601205000,601200000,601200000,600825000,600850000,1174365,1954398928
1618168980,1618168980,60,600850000,600850000,600850000,600425000,600425000,218858,364326152
1618169040,1618169040,60,600425000,600425000,600790000,600425000,600790000,1137249,1893335221
1618169100,1618169100,60,600790000,600790000,600790000,600360000,600360000,497561,828328643
1618169160,1618169160,60,600360000,600365000,600365000,599595000,599855000,818734,1364660763
1618169220,1618169220,60,599855000,599595000,599800000,596450000,597135000,7472124,12493232253
1618169280,1618169280,60,597135000,597215000,598010000,597215000,597735000,1322344,2212274034
1618169340,1618169340,60,597735000,597670000,598635000,597095000,598490000,2371197,3965733526
1618169400,1618169400,60,598490000,598490000,598625000,598100000,598100000,2220132,3710716212
1618169460,1618169460,60,598100000,598100000,598100000,596735000,596755000,971486,1626464902
1618169520,1618169520,60,596755000,596815000,597570000,596815000,597570000,441871,740102797
1618169580,1618169580,60,597570000,597570000,597570000,596750000,596750000,1076321,1802036948
1618169640,1618169640,60,596750000,596750000,596835000,596200000,596360000,933855,1565675120
1618169700,1618169700,60,596360000,596465000,597015000,596460000,596980000,593294,993998782
1618169760,1618169760,60,596980000,596880000,597150000,596865000,597060000,1217803,2039721855
1618169820,1618169820,60,597060000,597060000,597660000,597055000,597660000,480238,804100297
1618169880,1618169880,60,597660000,597655000,598085000,597655000,598085000,99182,165857949
1618169940,1618169940,60,598085000,598085000,598475000,598080000,598475000,914089,1527818990
1618170000,1618170000,60,598475000,598470000,598725000,598290000,598720000,1302587,2176429757
1618170060,1618170060,60,598720000,598720000,598720000,598670000,598670000,701797,1172163290
1618170120,1618170120,60,598670000,598665000,598665000,598185000,598185000,111058,185646735
1618170180,1618170180,60,598185000,598190000,598510000,598190000,598510000,2516562,4205106475
1618170240,1618170240,60,598510000,598510000,598510000,597985000,597985000,201452,336859284
1618170300,1618170300,60,597985000,597985000,597985000,597655000,597655000,1590333,2660379206
1618170360,1618170360,60,597655000,597655000,597655000,597025000,597200000,1394145,2334570022
1618170420,1618170420,60,597200000,597205000,597205000,596500000,596500000,1149505,1926424585
1618170480,1618170480,60,596500000,596505000,596765000,596490000,596765000,280019,469346476
1618170540,1618170540,60,596765000,596760000,597440000,596760000,597020000,418099,700242895
1618170600,1618170600,60,597020000,597025000,597185000,597025000,597185000,56012,93794311
1618170660,1618170660,60,597185000,597185000,597460000,596835000,597460000,1813334,3037198961
1618170720,1618170720,60,597460000,597460000,597500000,597455000,597500000,1003961,1680311265
1618170780,1618170780,60,597500000,597500000,597675000,597500000,597675000,49659,83100467
1618170840,1618170840,60,597675000,597685000,597890000,597685000,597890000,261238,436941857
1618170900,1618170900,60,597890000,597770000,597770000,597740000,597740000,19085,31927610
1618170960,1618170960,60,597740000,597740000,597755000,597735000,597755000,261673,437770185
1618171020,1618171020,60,597755000,597760000,597760000,597755000,597755000,715926,1197681392
1618171080,1618171080,60,597755000,597760000,598000000,597760000,598000000,73516,122977828
1618171140,1618171140,60,598000000,598000000,598215000,597425000,597425000,274357,458982225
1618171200,1618171200,60,597425000,597425000,597810000,597425000,597475000,288142,482174864
1618171260,1618171260,60,597475000,597470000,597710000,597470000,597710000,2535421,4242878860
1618171320,1618171320,60,597710000,597655000,597655000,597470000,597495000,555816,930274285
1618171380,1618171380,60,597495000,597495000,598065000,597495000,598065000,1735992,2904578514
1618171440,1618171440,60,598065000,598065000,598065000,597880000,597925000,688119,1150850879
1618171500,1618171500,60,597925000,597925000,597925000,597880000,597880000,15644,26164708
1618171560,1618171560,60,597880000,597880000,597885000,597880000,597885000,8390,14032797
1618171620,1618171620,60,597885000,597885000,597885000,597880000,597885000,1265,2115790
1618171680,1618171680,60,597885000,597885000,597955000,597885000,597955000,1765289,2952348601
1618171740,1618171740,60,597955000,597955000,597955000,597955000,597955000,35041,58601397
1618171800,1618171800,60,597955000,597955000,597960000,597885000,597960000,379464,634644582
1618171860,1618171860,60,597960000,597965000,598000000,597915000,597915000,167065,279375191
1618171920,1618171920,60,597915000,597915000,597915000,597640000,597645000,644711,1078302443
1618171980,1618171980,60,597645000,597645000,597840000,597640000,597840000,379379,634759289
1618172040,1618172040,60,597840000,597735000,597735000,597600000,597600000,18504,30962815
1618172100,1618172100,60,597600000,597600000,597600000,597420000,597540000,1049173,1756034807
1618172160,1618172160,60,597540000,597540000,597810000,597535000,597810000,621438,1039755272
1618172220,1618172220,60,597810000,597810000,597810000,597805000,597810000,8246,13793718
1618172280,1618172280,60,597810000,597810000,597810000,597805000,597810000,201305,336737651
1618172340,1618172340,60,597810000,597810000,598250000,597810000,598250000,1100004,1839739658
1618172400,1618172400,60,598250000,598250000,598250000,598245000,598250000,73159,122288340
1618172460,1618172460,60,598250000,598250000,598455000,598245000,598455000,1592579,2661808083
1618172520,1618172520,60,598455000,598470000,598475000,598020000,598155000,1344629,2247264123
1618172580,1618172580,60,598155000,598220000,598335000,598220000,598335000,201295,336460976
1618172640,1618172640,60,598335000,598335000,598335000,598330000,598330000,18601,31087974
1618172700,1618172700,60,598330000,598335000,598335000,598330000,598335000,243550,407049293
1618172760,1618172760,60,598335000,598335000,598335000,598140000,598140000,10412,17407262
1618172820,1618172820,60,598140000,598135000,598355000,598135000,598355000,3272474,5469899329
1618172880,1618172880,60,598355000,598355000,598355000,598220000,598240000,465963,778821879
1618172940,1618172940,60,598240000,598300000,598360000,598300000,598360000,633496,1058813869
1618173000,1618173000,60,598360000,598360000,598360000,598355000,598355000,9141,15276816
1618173060,1618173060,60,598355000,598355000,598360000,598000000,598000000,62584,104648938
1618173120,1618173120,60,598000000,597995000,597995000,597765000,597765000,29893,50007376
1618173180,1618173180,60,597765000,597765000,597770000,597765000,597765000,226,378073
1618173240,1618173240,60,597765000,597770000,597770000,597765000,597770000,23731,39699338
1618173300,1618173300,60,597770000,597770000,597770000,597735000,597735000,235141,393367085
1618173360,1618173360,60,597735000,597600000,597600000,597590000,597590000,234324,392110348
1618173420,1618173420,60,597590000,597590000,597595000,597425000,597425000,82004,137236054
1618173480,1618173480,60,597425000,597425000,597425000,597050000,597050000,57368,96066392
1618173540,1618173540,60,597050000,597035000,597130000,597035000,597125000,3114128,5215481503
1618173600,1618173600,60,597125000,597130000,597130000,597000000,597005000,183735,307749019
1618173660,1618173660,60,597005000,597005000,597005000,597000000,597005000,128504,215247796
1618173720,1618173720,60,597005000,597000000,597005000,597000000,597005000,402088,673508637
1618173780,1618173780,60,597005000,597005000,597005000,597000000,597000000,33785,56591029
1618173840,1618173840,60,597000000,597005000,597005000,597000000,597005000,4446,7447171
1618173900,1618173900,60,597005000,597000000,597000000,596240000,596240000,1413662,2369328699
1618173960,1618173960,60,596240000,596225000,596225000,595800000,595890000,386358,648245785
1618174020,1618174020,60,595890000,595890000,595890000,595885000,595890000,91595,153712370
1618174080,1618174080,60,595890000,595890000,596000000,595885000,596000000,50665,85023535
1618174140,1618174140,60,596000000,596000000,596445000,596000000,596070000,189588,318016028
1618174200,1618174200,60,596070000,596070000,596075000,595800000,595800000,186514,313021289
1618174260,1618174260,60,595800000,595800000,595980000,595800000,595980000,1803603,3026681865
1618174320,1618174320,60,595980000,595995000,596105000,595995000,596105000,1341516,2250716496
1618174380,1618174380,60,596105000,596105000,596235000,596100000,596165000,2279025,3822763565
1618174440,1618174440,60,596165000,596165000,596450000,596165000,596450000,1128767,1892726262
1618174500,1618174500,60,596450000,596450000,596525000,596445000,596525000,568524,953152790
1618174560,1618174560,60,596525000,596520000,596525000,596520000,596525000,2236,3748399
1618174620,1618174620,60,596525000,596525000,596795000,596520000,596795000,1155849,1937552763
1618174680,1618174680,60,596795000,596830000,597070000,596830000,597070000,2780644,4657867303
1618174740,1618174740,60,597070000,597075000,597670000,597075000,597670000,619673,1037706961
1618174800,1618174800,60,597670000,597670000,597670000,597035000,597035000,82241,137694175
1618174860,1618174860,60,597035000,597040000,597040000,597030000,597035000,52180,87398778
1618174920,1618174920,60,597035000,597030000,597035000,597005000,597010000,208254,348830524
1618174980,1618174980,60,597010000,597010000,597010000,596900000,596905000,1450,2429041
1618175040,1618175040,60,596905000,596905000,596905000,596900000,596905000,13154,22037154
1618175100,1618175100,60,596905000,596900000,596900000,596750000,596750000,270791,453709706
1618175160,1618175160,60,596750000,596750000,596755000,596750000,596750000,3443,5769560
1618175220,1618175220,60,596750000,596755000,596755000,596750000,596750000,20224,33890025
1618175280,1618175280,60,596750000,596750000,596750000,596670000,596670000,11133,18656964
1618175340,1618175340,60,596670000,596665000,596665000,596250000,596250000,144183,241731848
1618175400,1618175400,60,596250000,596250000,596640000,596250000,596640000,1286165,2156107784
1618175460,1618175460,60,596640000,596640000,596640000,596635000,596640000,133272,223371922
1618175520,1618175520,60,596640000,596640000,597060000,596640000,597060000,172123,288437437
1618175580,1618175580,60,597060000,597130000,597130000,597060000,597060000,232,388525
1618175640,1618175640,60,597060000,597060000,597065000,597060000,597060000,35852,60047345
1618175700,1618175700,60,597060000,597065000,597065000,596485000,596490000,399468,669350629
1618175760,1618175760,60,596490000,596490000,596490000,596485000,596490000,2211,3706680
1618175820,1618175820,60,596490000,596490000,596540000,596485000,596540000,283595,475422296
1618175880,1618175880,60,596540000,596540000,596600000,596535000,596600000,932748,1563543045
1618175940,1618175940,60,596600000,596605000,596660000,596605000,596660000,531073,890120644
1618176000,1618176000,60,596660000,596660000,596725000,596655000,596725000,1704038,2855831879
1618176060,1618176060,60,596725000,596730000,596795000,596730000,596795000,1304926,2186685712
1618176120,1618176120,60,596795000,596795000,596805000,596790000,596800000,650752,1090406873
1618176180,1618176180,60,596800000,596800000,596805000,596800000,596800000,7396,12392732
1618176240,1618176240,60,596800000,596805000,596805000,596800000,596805000,14862,24902773
1618176300,1618176300,60,596805000,596800000,596800000,596520000,596520000,155008,259845741
1618176360,1618176360,60,596520000,596520000,596520000,596500000,596505000,1152,1931202
1618176420,1618176420,60,596505000,596500000,596500000,596250000,596315000,392940,659005394
1618176480,1618176480,60,596315000,596315000,596505000,596310000,596505000,2837102,4756940070
1618176540,1618176540,60,596505000,596510000,596510000,596080000,596085000,431511,723567059
1618176600,1618176600,60,596085000,596080000,596085000,595765000,595765000,272412,457150465
1618176660,1618176660,60,595765000,595770000,595770000,595765000,595765000,516861,867557495
1618176720,1618176720,60,595765000,595765000,595770000,595765000,595765000,44683,75000752
1618176780,1618176780,60,595765000,595765000,595770000,595765000,595770000,26814,45007374
1618176840,1618176840,60,595770000,595765000,596635000,595765000,596635000,1659106,2784158888
1618176900,1618176900,60,596635000,596640000,596640000,596430000,596430000,90247,151294524
1618176960,1618176960,60,596430000,596425000,596430000,596425000,596425000,2070,3470653
1618177020,1618177020,60,596425000,596425000,596430000,596425000,596425000,18544,31091899
1618177080,1618177080,60,596425000,596430000,596645000,596425000,596645000,956836,1604156235
1618177140,1618177140,60,596645000,596715000,596885000,596715000,596885000,732898,1227927298
1618177200,1618177200,60,596885000,596905000,596995000,596905000,596995000,178306,298689494
1618177260,1618177260,60,596995000,597000000,597000000,596995000,597000000,21160,35443885
1618177320,1618177320,60,597000000,597000000,597000000,596995000,597000000,250250,419179230
1618177380,1618177380,60,597000000,597000000,597000000,596995000,597000000,7004,11732073
1618177440,1618177440,60,597000000,597000000,597250000,596995000,597250000,274189,459250408
1618177500,1618177500,60,597250000,597250000,597265000,597000000,597000000,24047,40263764
1618177560,1618177560,60,597000000,597000000,597005000,597000000,597005000,8846,14817390
1618177620,1618177620,60,597005000,597005000,597005000,597000000,597005000,20881,34976473
1618177680,1618177680,60,597005000,597000000,597000000,596700000,596700000,13330,22331155
1618177740,1618177740,60,596700000,596700000,596790000,596700000,596790000,370948,621624989
1618177800,1618177800,60,596790000,596790000,596790000,596690000,596690000,63292,106054088
1618177860,1618177860,60,596690000,596690000,596695000,595885000,596260000,1860177,3119927831
1618177920,1618177920,60,596260000,596320000,596805000,596320000,596425000,128916,216046032
1618177980,1618177980,60,596425000,596380000,596380000,596380000,596380000,26,43595
1618178040,1618178040,60,596380000,596380000,596380000,596375000,596380000,2752,4614539
1618178100,1618178100,60,596380000,596380000,596380000,596375000,596375000,8297,13912382
1618178160,1618178160,60,596375000,596380000,596380000,596375000,596375000,5320,8920542
1618178220,1618178220,60,596375000,596375000,596380000,596300000,596305000,24064,40350905
1618178280,1618178280,60,596305000,596300000,596305000,596300000,596305000,32552,54589950
1618178340,1618178340,60,596305000,596300000,596460000,596300000,596460000,123842,207671852
1618178400,1618178400,60,596460000,596460000,596510000,595890000,595890000,174331,292292733
1618178460,1618178460,60,595890000,595895000,596070000,595895000,596070000,245076,411270551
1618178520,1618178520,60,596070000,596070000,596070000,596065000,596070000,21961,36843287
1618178580,1618178580,60,596070000,596060000,596060000,595505000,595505000,1111118,1865026705
1618178640,1618178640,60,595505000,595505000,595505000,595000000,595030000,1232443,2070405347
1618178700,1618178700,60,595030000,595030000,595040000,595030000,595040000,330586,555572947
1618178760,1618178760,60,595040000,595045000,595500000,595045000,595435000,66197,111176712
1618178820,1618178820,60,595435000,595430000,595500000,595430000,595475000,19448,32659691
1618178880,1618178880,60,595475000,595495000,595500000,595305000,595310000,23324,39169334
1618178940,1618178940,60,595310000,595315000,595905000,595315000,595775000,67218,112817695
1618179000,1618179000,60,595775000,595775000,595775000,595705000,595705000,35406,59429661
1618179060,1618179060,60,595705000,595705000,596095000,595700000,596095000,8767,14714514
1618179120,1618179120,60,596095000,596095000,596095000,596025000,596030000,8250,13841517
1618179180,1618179180,60,596030000,596030000,596200000,596030000,596200000,63503,106527946
1618179240,1618179240,60,596200000,596200000,596200000,596195000,596200000,70763,118690526
1618179300,1618179300,60,596200000,596250000,596415000,596110000,596110000,1821132,3054166128
1618179360,1618179360,60,596110000,596110000,596115000,596025000,596025000,202086,339023619
1618179420,1618179420,60,596025000,596025000,596660000,596025000,596660000,59160,99230160
1618179480,1618179480,60,596660000,596665000,597000000,596665000,597000000,168202,281860528
1618179540,1618179540,60,597000000,597000000,597350000,596995000,597350000,200460,335658117
1618179600,1618179600,60,597350000,597350000,597665000,597350000,597665000,715697,1197578320
1618179660,1618179660,60,597665000,597665000,597665000,597405000,597480000,209843,351173470
1618179720,1618179720,60,597480000,597480000,598000000,597480000,598000000,102298,171128486
1618179780,1618179780,60,598000000,598000000,599975000,597845000,599740000,1486957,2483077479
1618179840,1618179840,60,599740000,599735000,600240000,599485000,599620000,559391,932499657
1618179900,1618179900,60,599620000,599625000,600145000,599450000,600145000,840629,1401429392
1618179960,1618179960,60,600145000,600140000,600745000,600140000,600745000,1502774,2501820141
1618180020,1618180020,60,600745000,600740000,600850000,600575000,600850000,390620,650163806
1618180080,1618180080,60,600850000,600850000,600850000,600330000,600330000,2588417,4309348514
1618180140,1618180140,60,600330000,600330000,600780000,600210000,600385000,4066675,6772051038
1618180200,1618180200,60,600385000,600385000,600790000,600360000,600790000,1630897,2716332549
1618180260,1618180260,60,600790000,600800000,600800000,600730000,600730000,591610,984743619
1618180320,1618180320,60,600730000,600730000,600730000,599630000,599630000,3612541,6018883617
1618180380,1618180380,60,599630000,599630000,599630000,599060000,599060000,1085878,1811870525
1618180440,1618180440,60,599060000,599065000,599070000,599060000,599070000,344510,575079677
1618180500,1618180500,60,599070000,599070000,599070000,599065000,599065000,18451,30799598
1618180560,1618180560,60,599065000,599070000,599070000,598530000,598530000,808238,1349605119
1618180620,1618180620,60,598530000,598530000,598530000,597885000,598195000,614087,1026709924
1618180680,1618180680,60,598195000,598330000,598490000,598195000,598195000,2610010,4362333035
1618180740,1618180740,60,598195000,598195000,598195000,598070000,598070000,1623305,2714098442
1618180800,1618180800,60,598070000,598070000,598590000,598070000,598590000,500067,835492557
1618180860,1618180860,60,598590000,598590000,598910000,598585000,598905000,388478,648722412
1618180920,1618180920,60,598905000,598900000,598905000,598610000,598610000,1302861,2176248071
1618180980,1618180980,60,598610000,598600000,598905000,598600000,598605000,206140,344287272
1618181040,1618181040,60,598605000,598595000,598780000,598595000,598660000,269249,449743626
1618181100,1618181100,60,598660000,598660000,599360000,598660000,599340000,767264,1280331622
1618181160,1618181160,60,599340000,599345000,599345000,599275000,599280000,59254,98866715
1618181220,1618181220,60,599280000,599280000,600300000,599280000,600300000,655541,1092841900
1618181280,1618181280,60,600300000,600295000,600445000,600290000,600430000,303907,506250388
1618181340,1618181340,60,600430000,600425000,600425000,600070000,600320000,203872,339627369
1618181400,1618181400,60,600320000,600325000,600800000,600320000,600800000,174427,290503836
1618181460,1618181460,60,600800000,600800000,601385000,600800000,601200000,720176,1197713915
1618181520,1618181520,60,601200000,601200000,601205000,600825000,600825000,311136,517768518
1618181580,1618181580,60,600825000,600825000,601335000,600825000,601335000,137611,228988919
1618181640,1618181640,60,601335000,601335000,601335000,601160000,601160000,145988,242833537
1618181700,1618181700,60,601160000,601155000,601155000,600690000,600760000,96168,160057042
1618181760,1618181760,60,600760000,600765000,600765000,600410000,600410000,612559,1019922499
1618181820,1618181820,60,600410000,600410000,600410000,600200000,600200000,377894,629559025
1618181880,1618181880,60,600200000,600200000,600755000,600200000,600755000,741483,1234464082
1618181940,1618181940,60,600755000,600755000,601330000,600755000,601330000,210756,350548368
1618182000,1618182000,60,601330000,601330000,601330000,600955000,601055000,1172669,1950954256
1618182060,1618182060,60,601055000,601055000,601060000,600730000,600730000,1236176,2057047157
1618182120,1618182120,60,600730000,600735000,600740000,600350000,600355000,820149,1365624537
1618182180,1618182180,60,600355000,600350000,600810000,600340000,600810000,2066226,3440094961
1618182240,1618182240,60,600810000,600810000,600880000,600575000,600580000,2141962,3565743665
1618182300,1618182300,60,600580000,600575000,600660000,600340000,600345000,1004155,1672376113
1618182360,1618182360,60,600345000,600395000,600400000,600145000,600370000,815418,1358216895
1618182420,1618182420,60,600370000,600370000,600370000,600120000,600125000,1209061,2014474110
1618182480,1618182480,60,600125000,600120000,600125000,600120000,600125000,80090,133455571
1618182540,1618182540,60,600125000,600125000,600340000,600120000,600120000,2284839,3806426322
1618182600,1618182600,60,600120000,600120000,600605000,600120000,600380000,605513,1008376081
1618182660,1618182660,60,600380000,600375000,600375000,600315000,600315000,1348940,2246969304
1618182720,1618182720,60,600315000,600320000,600320000,600220000,600225000,293293,488606483
1618182780,1618182780,60,600225000,600210000,600210000,599655000,599750000,1632812,2722228004
1618182840,1618182840,60,599750000,599750000,599755000,599570000,599735000,688669,1148335528
1618182900,1618182900,60,599735000,599735000,600010000,599690000,599885000,993423,1655967523
1618182960,1618182960,60,599885000,599885000,599885000,599595000,599600000,518807,865177161
1618183020,1618183020,60,599600000,599600000,599900000,599600000,599900000,28609,47696496
1618183080,1618183080,60,599900000,599895000,599900000,599820000,599820000,106422,177402205
1618183140,1618183140,60,599820000,599820000,599885000,599820000,599885000,1344,2240641
1618183200,1618183200,60,599885000,599890000,600000000,599885000,600000000,46970,78296517
1618183260,1618183260,60,600000000,600000000,600060000,599775000,600060000,372913,621614374
1618183320,1618183320,60,600060000,600220000,600860000,600220000,600755000,243054,404796385
1618183380,1618183380,60,600755000,600755000,600755000,600255000,600440000,3519954,5861664350
1618183440,1618183440,60,600440000,600440000,600440000,600250000,600255000,1781930,2968162441
1618183500,1618183500,60,600255000,600250000,600250000,599605000,599605000,112751,187948304
1618183560,1618183560,60,599605000,599605000,599605000,599205000,599215000,381172,635937458
1618183620,1618183620,60,599215000,599215000,599350000,599215000,599350000,79405,132513611
1618183680,1618183680,60,599350000,599355000,599355000,599250000,599340000,249578,416471387
1618183740,1618183740,60,599340000,599360000,599605000,599360000,599605000,10280,17150942
1618183800,1618183800,60,599605000,599600000,599605000,599425000,599425000,609674,1016850329
1618183860,1618183860,60,599425000,599425000,599425000,599275000,599335000,81003,135150523
1618183920,1618183920,60,599335000,599315000,599320000,599315000,599320000,61353,102371161
1618183980,1618183980,60,599320000,599320000,599320000,598415000,598695000,2271282,3790897566
1618184040,1618184040,60,598695000,598700000,599015000,598695000,599015000,101847,170089227
1618184100,1618184100,60,599015000,599105000,599360000,599105000,599360000,12864,21469526
1618184160,1618184160,60,599360000,599450000,599450000,599445000,599445000,16245,27099841
1618184220,1618184220,60,599445000,599450000,600055000,599445000,600055000,182955,305168232
1618184280,1618184280,60,600055000,600055000,600070000,600050000,600070000,17535,29222392
1618184340,1618184340,60,600070000,600070000,600210000,600070000,600205000,452600,754076297
1618184400,1618184400,60,600205000,600210000,600210000,600205000,600205000,4137,6892598
1618184460,1618184460,60,600205000,600205000,600285000,600205000,600285000,50742,84540214
1618184520,1618184520,60,600285000,600360000,600495000,600360000,600495000,459521,765286693
1618184580,1618184580,60,600495000,600500000,600725000,600500000,600725000,80604,134216474
1618184640,1618184640,60,600725000,600725000,600725000,599945000,600040000,859688,1432054346
1618184700,1618184700,60,600040000,600045000,600420000,600040000,600145000,94806,157975597
1618184760,1618184760,60,600145000,600160000,600810000,600160000,600595000,64305,107084937
1618184820,1618184820,60,600595000,600545000,600550000,599575000,599810000,92957,154916760
1618184880,1618184880,60,599810000,599975000,600190000,599765000,599890000,12379,20627349
1618184940,1618184940,60,599890000,599895000,599970000,599890000,599970000,23463,39112050
1618185000,1618185000,60,599970000,599975000,600090000,599955000,600085000,15506,25844568
1618185060,1618185060,60,600085000,600090000,600090000,600085000,600085000,64047,106729353
1618185120,1618185120,60,600085000,600090000,600245000,600085000,600245000,230105,383429252
1618185180,1618185180,60,600245000,600250000,600540000,600245000,600540000,160765,267807165
1618185240,1618185240,60,600540000,600540000,600810000,600540000,600810000,33973,56563740
1618185300,1618185300,60,600810000,600850000,600855000,600850000,600855000,55018,91566179
1618185360,1618185360,60,600855000,600855000,600855000,600855000,600855000,10623,17679798
1618185420,1618185420,60,600855000,600850000,600855000,600800000,600800000,385240,641157025
1618185480,1618185480,60,600800000,600805000,600805000,600755000,600755000,421497,701606975
1618185540,1618185540,60,600755000,600755000,600755000,600325000,600410000,509821,849062906
1618185600,1618185600,60,600410000,600525000,602365000,600520000,602255000,2480440,4124200980
1618185660,1618185660,60,602255000,602255000,604610000,602250000,604505000,5435956,9011998426
1618185720,1618185720,60,604505000,604505000,604505000,603135000,603605000,2571489,4260171591
1618185780,1618185780,60,603605000,603605000,603750000,603030000,603430000,608379,1008132620
1618185840,1618185840,60,603430000,603425000,603660000,603425000,603660000,194148,321624365
1618185900,1618185900,60,603660000,603660000,603660000,603655000,603660000,263447,436417262
1618185960,1618185960,60,603660000,603655000,603660000,600745000,601490000,5473966,9093163868
1618186020,1618186020,60,601490000,601645000,601645000,600750000,601080000,1861535,3095453214
1618186080,1618186080,60,601080000,601220000,601450000,600540000,600545000,859027,1429573767
1618186140,1618186140,60,600545000,600545000,600720000,600135000,600315000,789027,1314211596
1618186200,1618186200,60,600315000,600200000,600355000,600000000,600355000,181915,303159665
1618186260,1618186260,60,600355000,600350000,600355000,600175000,600175000,671977,1119310307
1618186320,1618186320,60,600175000,600180000,600180000,599365000,599365000,811829,1353684456
1618186380,1618186380,60,599365000,599365000,599365000,599300000,599300000,342705,571809458
1618186440,1618186440,60,599300000,599300000,599490000,599300000,599485000,51534,85972948
1618186500,1618186500,60,599485000,599480000,600025000,599480000,600025000,168810,281402848
1618186560,1618186560,60,600025000,600020000,600025000,598685000,598740000,1415010,2362233670
1618186620,1618186620,60,598740000,598740000,598900000,598740000,598895000,319980,534279662
1618186680,1618186680,60,598895000,598900000,599085000,598900000,599080000,329314,549818932
1618186740,1618186740,60,599080000,599080000,599310000,599080000,599140000,63803,106499781
1618186800,1618186800,60,599140000,599135000,599135000,597000000,597025000,4489004,7504133014
1618186860,1618186860,60,597025000,597145000,597810000,597140000,597805000,1253966,2097972417
1618186920,1618186920,60,597805000,597810000,598100000,597805000,598095000,1134250,1896536685
1618186980,1618186980,60,598095000,598095000,598100000,598095000,598100000,44038,73630114
1618187040,1618187040,60,598100000,598095000,598100000,598095000,598095000,324079,541851861
1618187100,1618187100,60,598095000,598100000,598100000,598095000,598095000,21176,35405656
1618187160,1618187160,60,598095000,598095000,598095000,597200000,597370000,1555271,2603372843
1618187220,1618187220,60,597370000,597370000,597535000,597000000,597160000,1531956,2564349070
1618187280,1618187280,60,597160000,597160000,597565000,597160000,597510000,781555,1308077941
1618187340,1618187340,60,597510000,597510000,597510000,597505000,597505000,161475,270247608
1618187400,1618187400,60,597505000,597510000,597995000,597510000,597995000,78791,131838572
1618187460,1618187460,60,597995000,598000000,598095000,598000000,598095000,77063,128850839
1618187520,1618187520,60,598095000,598095000,598095000,597650000,597655000,81843,136936896
1618187580,1618187580,60,597655000,597650000,597785000,597650000,597780000,501674,839222084
1618187640,1618187640,60,597780000,597780000,597960000,597780000,597960000,475865,795847797
1618187700,1618187700,60,597960000,597960000,598050000,597960000,598050000,99737,166770427
1618187760,1618187760,60,598050000,598050000,598095000,598050000,598095000,296190,495233864
1618187820,1618187820,60,598095000,598095000,598555000,598095000,598555000,230945,385981736
1618187880,1618187880,60,598555000,598555000,598585000,598510000,598510000,146846,245335029
1618187940,1618187940,60,598510000,598515000,598960000,598515000,598935000,1250721,2089094447
1618188000,1618188000,60,598935000,598955000,599090000,598950000,599085000,1437332,2399639422
1618188060,1618188060,60,599085000,599085000,599090000,599085000,599090000,89786,149870770
1618188120,1618188120,60,599090000,599085000,599085000,599000000,599000000,30579,51045482
1618188180,1618188180,60,599000000,599000000,599000000,598860000,598860000,77891,130052898
1618188240,1618188240,60,598860000,598855000,598855000,598425000,598430000,47184,78838914
1618188300,1618188300,60,598430000,598435000,598435000,598430000,598435000,35415,59179639
1618188360,1618188360,60,598435000,598435000,598435000,598430000,598435000,7622,12736552
1618188420,1618188420,60,598435000,598435000,598575000,598430000,598575000,492727,823170843
1618188480,1618188480,60,598575000,598595000,598655000,598420000,598425000,672356,1123226398
1618188540,1618188540,60,598425000,598420000,598425000,598345000,598345000,63942,106852353
1618188600,1618188600,60,598345000,598345000,598345000,598345000,598345000,8830,14757370
1618188660,1618188660,60,598345000,598350000,598350000,598345000,598350000,770,1286878
1618188720,1618188720,60,598350000,598345000,598350000,598345000,598350000,10459,17479802
1618188780,1618188780,60,598350000,598350000,598355000,598350000,598355000,158439,264793063
1618188840,1618188840,60,598355000,598355000,599145000,598355000,599145000,1054156,1760851897
1618188900,1618188900,60,599145000,599145000,599145000,598760000,598765000,240669,401742486
1618188960,1618188960,60,598765000,598765000,598765000,598405000,598600000,1267645,2117891092
1618189020,1618189020,60,598600000,598605000,598940000,598605000,598940000,469621,784253740
1618189080,1618189080,60,598940000,598940000,599200000,598940000,599200000,2258808,3770398824
1618189140,1618189140,60,599200000,599195000,599195000,598700000,598800000,1111414,1856136208
1618189200,1618189200,60,598800000,598800000,599180000,598800000,599180000,189572,316417303
1618189260,1618189260,60,599180000,599200000,599315000,599200000,599315000,48965,81708461
1618189320,1618189320,60,599315000,599330000,599330000,599205000,599210000,99265,165657259
1618189380,1618189380,60,599210000,599210000,599300000,599205000,599300000,288929,482116956
1618189440,1618189440,60,599300000,599300000,599335000,599215000,599215000,980544,1636092615
1618189500,1618189500,60,599215000,599205000,599210000,599200000,599205000,14406,24041970
1618189560,1618189560,60,599205000,599200000,599225000,599200000,599225000,19305,32217343
1618189620,1618189620,60,599225000,599225000,599270000,599220000,599270000,30783,51369523
1618189680,1618189680,60,599270000,599355000,599685000,599355000,599685000,387011,645642796
1618189740,1618189740,60,599685000,599730000,599820000,599730000,599820000,45253,75451992
1618189800,1618189800,60,599820000,599830000,600150000,599830000,600150000,517475,862640605
1618189860,1618189860,60,600150000,600150000,600230000,599970000,600230000,71321,118848935
1618189920,1618189920,60,600230000,600225000,600230000,600125000,600130000,73428,122334375
1618189980,1618189980,60,600130000,600090000,600360000,599935000,600360000,1604112,2673021977
1618190040,1618190040,60,600360000,600360000,600505000,600360000,600505000,498158,829696735
1618190100,1618190100,60,600505000,600515000,600660000,600515000,600660000,468535,780185011
1618190160,1618190160,60,600660000,600660000,601200000,600660000,600865000,1703702,2834251389
1618190220,1618190220,60,600865000,600865000,601390000,600865000,601390000,140441,233664902
1618190280,1618190280,60,601390000,601400000,602115000,601400000,602115000,581093,965432642
1618190340,1618190340,60,602115000,602110000,602165000,601135000,601135000,544358,904491909
1618190400,1618190400,60,601135000,601135000,601520000,601135000,601290000,345975,575254999
1618190460,1618190460,60,601290000,601290000,601480000,601290000,601475000,731721,1216645510
1618190520,1618190520,60,601475000,601475000,601480000,601300000,601305000,196541,326834352
1618190580,1618190580,60,601305000,601310000,601475000,601135000,601140000,77072,128173072
1618190640,1618190640,60,601140000,601140000,601140000,600695000,600695000,364234,606227852
1618190700,1618190700,60,600695000,600695000,600810000,600695000,600695000,990372,1648680903
1618190760,1618190760,60,600695000,600695000,600700000,600140000,600145000,922957,1536708581
1618190820,1618190820,60,600145000,600145000,600145000,599925000,599925000,481878,802986361
1618190880,1618190880,60,599925000,599925000,599930000,599525000,599605000,1331436,2219758645
1618190940,1618190940,60,599605000,599605000,599910000,599605000,599755000,668697,1114969815
1618191000,1618191000,60,599755000,599750000,599755000,599295000,599450000,1121584,1871164099
1618191060,1618191060,60,599450000,599450000,599775000,599445000,599775000,79866,133192487
1618191120,1618191120,60,599775000,599770000,599775000,599595000,599595000,217154,362142609
1618191180,1618191180,60,599595000,599600000,600100000,599600000,600095000,452699,754638543
1618191240,1618191240,60,600095000,600100000,600100000,600095000,600095000,28554,47582226
1618191300,1618191300,60,600095000,600095000,600395000,600095000,600395000,144287,240365275
1618191360,1618191360,60,600395000,600395000,600400000,600390000,600400000,29217,48662959
1618191420,1618191420,60,600400000,600435000,600545000,600135000,600135000,72140,120148357
1618191480,1618191480,60,600135000,600020000,600020000,600015000,600020000,66926,111539614
1618191540,1618191540,60,600020000,600020000,600170000,600020000,600170000,7479,12463306
1618191600,1618191600,60,600170000,600175000,600175000,600015000,600015000,5533,9220125
1618191660,1618191660,60,600015000,599955000,599960000,599955000,599960000,9785,16309461
1618191720,1618191720,60,599960000,599960000,599960000,599960000,599960000,1942,3236880
1618191780,1618191780,60,599960000,599955000,599960000,599955000,599955000,2525,4208624
1618191840,1618191840,60,599955000,599960000,599960000,599955000,599960000,136686,227826076
1618191900,1618191900,60,599960000,599955000,599960000,599955000,599960000,3572,5953777
1618191960,1618191960,60,599960000,599960000,599995000,599955000,599995000,274647,457757142
1618192020,1618192020,60,599995000,599995000,600000000,599995000,600000000,2839,4731703
1618192080,1618192080,60,600000000,600000000,600000000,599995000,599995000,155234,258725188
1618192140,1618192140,60,599995000,599995000,600085000,599995000,600085000,51217,85355542
1618192200,1618192200,60,600085000,600085000,600405000,600085000,600405000,190330,317049215
1618192260,1618192260,60,600405000,600410000,600685000,600410000,600685000,30822,51329189
1618192320,1618192320,60,600685000,600690000,600690000,600570000,600575000,56856,94669282
1618192380,1618192380,60,600575000,600575000,600610000,600570000,600610000,614788,1023611615
1618192440,1618192440,60,600610000,600610000,600610000,600380000,600385000,36504,60779076
1618192500,1618192500,60,600385000,600380000,600385000,600195000,600195000,59041,98340712
1618192560,1618192560,60,600195000,600200000,600245000,600200000,600245000,2698,4494928
1618192620,1618192620,60,600245000,600245000,600245000,599960000,599965000,67774,112960485
1618192680,1618192680,60,599965000,599965000,599965000,599395000,599395000,105223,175460581
1618192740,1618192740,60,599395000,599325000,599360000,599265000,599360000,143210,238973159
1618192800,1618192800,60,599360000,599365000,599415000,599305000,599305000,398774,665279241
1618192860,1618192860,60,599305000,599305000,599305000,599025000,599030000,482559,805502109
1618192920,1618192920,60,599030000,599160000,599340000,599160000,599335000,6180,10311376
1618192980,1618192980,60,599335000,599275000,599360000,599275000,599360000,1821,3038514
1618193040,1618193040,60,599360000,599405000,599855000,599405000,599855000,60932,101638420
1618193100,1618193100,60,599855000,599875000,599875000,599670000,599670000,25834,43067311
1618193160,1618193160,60,599670000,599675000,599675000,599025000,599025000,155112,258863323
1618193220,1618193220,60,599025000,599025000,599315000,598665000,599315000,2394201,3997291442
1618193280,1618193280,60,599315000,599255000,599255000,599140000,599210000,5259,8776600
1618193340,1618193340,60,599210000,599210000,599210000,598940000,598940000,23907,39902777
1618193400,1618193400,60,598940000,598940000,598940000,598935000,598935000,1694,2828331
1618193460,1618193460,60,598935000,598940000,598940000,598745000,598745000,6451,10772309
1618193520,1618193520,60,598745000,598785000,598790000,598690000,598695000,82121,137167347
1618193580,1618193580,60,598695000,598695000,599055000,598695000,599055000,52656,87950291
1618193640,1618193640,60,599055000,599055000,599055000,599050000,599050000,32751,54671245
1618193700,1618193700,60,599050000,599050000,599235000,599050000,599235000,49684,82914782
1618193760,1618193760,60,599235000,599250000,599265000,599245000,599260000,45381,75728465
1618193820,1618193820,60,599260000,599265000,599265000,599260000,599265000,864,1441764
1618193880,1618193880,60,599265000,599260000,599260000,599260000,599260000,117,195239
1618193940,1618193940,60,599260000,599265000,599360000,599265000,599360000,2687,4483795
1618194000,1618194000,60,599360000,599275000,599275000,599250000,599250000,3090,5156379
1618194060,1618194060,60,599250000,599250000,599250000,599245000,599250000,3725,6216102
1618194120,1618194120,60,599250000,599250000,599250000,599245000,599250000,19619,32739398
1618194180,1618194180,60,599250000,599245000,599250000,599245000,599250000,7524,12555751
1618194240,1618194240,60,599250000,599245000,599250000,599245000,599250000,970,1618703
1618194300,1618194300,60,599250000,599250000,599250000,599100000,599100000,56354,94063964
1618194360,1618194360,60,599100000,599105000,599105000,599100000,599100000,39698,66262725
1618194420,1618194420,60,599100000,599100000,599300000,599100000,599300000,82679,137966935
1618194480,1618194480,60,599300000,599295000,599300000,599295000,599295000,92,153511
1618194540,1618194540,60,599295000,599295000,599300000,599280000,599280000,29498,49221485
1618194600,1618194600,60,599280000,599260000,599260000,599160000,599165000,28847,48139625
1618194660,1618194660,60,599165000,599165000,599410000,599165000,599315000,18401,30702032
1618194720,1618194720,60,599315000,599315000,599315000,599310000,599315000,3276,5466239
1618194780,1618194780,60,599315000,599315000,599400000,599315000,599400000,15339,25591824
1618194840,1618194840,60,599400000,599400000,599405000,599100000,599100000,262468,437920327
1618194900,1618194900,60,599100000,599105000,599105000,598940000,598940000,92997,155247516
1618194960,1618194960,60,598940000,598935000,598935000,598605000,598605000,34454,57553647
1618195020,1618195020,60,598605000,598605000,598610000,598605000,598610000,34139,57030894
1618195080,1618195080,60,598610000,598605000,598605000,598490000,598490000,62273,104042398
1618195140,1618195140,60,598490000,598490000,598500000,598465000,598495000,62295,104087396
1618195200,1618195200,60,598495000,598500000,598615000,598495000,598545000,17326,28947815
1618195260,1618195260,60,598545000,598545000,598710000,598500000,598500000,60342,100816550
1618195320,1618195320,60,598500000,598505000,598505000,598500000,598505000,86965,145304081
1618195380,1618195380,60,598505000,598505000,598505000,598505000,598505000,12387,20696565
1618195440,1618195440,60,598505000,598500000,598500000,598335000,598335000,98531,164641155
1618195500,1618195500,60,598335000,598310000,598310000,598205000,598205000,26091,43612782
1618195560,1618195560,60,598205000,598235000,598530000,598235000,598425000,1002168,1674660178
1618195620,1618195620,60,598425000,598395000,598395000,598000000,598005000,262230,438444220
1618195680,1618195680,60,598005000,598000000,598000000,597305000,597305000,2684004,4491278795
1618195740,1618195740,60,597305000,597310000,597310000,597250000,597255000,159623,267259977
1618195800,1618195800,60,597255000,597255000,597570000,597250000,597355000,443059,741606547
1618195860,1618195860,60,597355000,597355000,597355000,597000000,597240000,348699,583981958
1618195920,1618195920,60,597240000,597240000,597660000,597240000,597655000,1099146,1839662222
1618195980,1618195980,60,597655000,597650000,597655000,597560000,597655000,595854,997126690
1618196040,1618196040,60,597655000,597660000,597890000,597655000,597890000,128165,214434632
1618196100,1618196100,60,597890000,597885000,597890000,597885000,597885000,46856,78368946
1618196160,1618196160,60,597885000,597885000,597890000,597885000,597890000,534,893139
1618196220,1618196220,60,597890000,597890000,597890000,597875000,597880000,38896,65056123
1618196280,1618196280,60,597880000,597880000,597880000,597875000,597880000,7133,11930487
1618196340,1618196340,60,597880000,597875000,597880000,597875000,597880000,4889,8177275
1618196400,1618196400,60,597880000,597875000,597880000,597650000,597655000,42988,71911831
1618196460,1618196460,60,597655000,597655000,597655000,597655000,597655000,2587,4328583
1618196520,1618196520,60,597655000,597795000,598195000,597790000,598195000,177541,296946105
1618196580,1618196580,60,598195000,598195000,598450000,598195000,598365000,27713,46314328
1618196640,1618196640,60,598365000,598365000,598365000,598360000,598360000,22937,38332796
1618196700,1618196700,60,598360000,598365000,598365000,598360000,598360000,194337,324780175
1618196760,1618196760,60,598360000,598360000,598485000,598360000,598360000,133545,223168824
1618196820,1618196820,60,598360000,598490000,598490000,598490000,598490000,14337,23955285
1618196880,1618196880,60,598490000,598490000,598490000,598490000,598490000,18376,30703936
1618196940,1618196940,60,598490000,598500000,598715000,598500000,598715000,21781,36391469
1618197000,1618197000,60,598715000,598715000,598715000,598710000,598715000,134625,224856562
1618197060,1618197060,60,598715000,598715000,598715000,598710000,598715000,1043,1742068
1618197120,1618197120,60,598715000,598715000,598810000,598710000,598810000,36186,60438931
1618197180,1618197180,60,598810000,598820000,598825000,598820000,598825000,1589,2653527
1618197240,1618197240,60,598825000,598830000,598830000,598825000,598825000,38242,63861721
1618197300,1618197300,60,598825000,598830000,598830000,598830000,598830000,5295,8842241
1618197360,1618197360,60,598830000,598835000,598995000,598835000,598995000,619713,1034613068
1618197420,1618197420,60,598995000,598995000,599000000,598995000,599000000,103421,172656273
1618197480,1618197480,60,599000000,599000000,599000000,598995000,599000000,59902,100004101
1618197540,1618197540,60,599000000,599000000,599000000,598950000,598950000,35636,59496274
1618197600,1618197600,60,598950000,598955000,598955000,598950000,598950000,10015,16720884
1618197660,1618197660,60,598950000,598950000,598955000,598950000,598955000,15122,25247505
1618197720,1618197720,60,598955000,598955000,599010000,598955000,599010000,7267,12132599
1618197780,1618197780,60,599010000,599010000,599010000,599010000,599010000,15671,26161498
1618197840,1618197840,60,599010000,599010000,599105000,599010000,599105000,34525,57632826
1618197900,1618197900,60,599105000,599105000,599105000,599100000,599105000,26237,43793659
1618197960,1618197960,60,599105000,599100000,599105000,599100000,599100000,10293,17180700
1618198020,1618198020,60,599100000,599100000,599105000,599100000,599105000,11137,18589531
1618198080,1618198080,60,599105000,599100000,599455000,599100000,599455000,971559,1621022935
1618198140,1618198140,60,599455000,599455000,600240000,599450000,600240000,423128,705501194
1618198200,1618198200,60,600240000,600235000,600240000,600235000,600240000,255821,426200843
1618198260,1618198260,60,600240000,600240000,601210000,600240000,601045000,1727248,2874797849
1618198320,1618198320,60,601045000,601085000,601370000,600380000,600485000,1558160,2593510150
1618198380,1618198380,60,600485000,600485000,600810000,600485000,600810000,827599,1378141577
1618198440,1618198440,60,600810000,600935000,601010000,600930000,600935000,361102,600902064
1618198500,1618198500,60,600935000,600930000,600935000,600475000,600475000,263295,438304433
1618198560,1618198560,60,600475000,600425000,600425000,600290000,600425000,67831,112996738
1618198620,1618198620,60,600425000,600425000,600430000,600425000,600425000,44698,74443371
1618198680,1618198680,60,600425000,600425000,600430000,600425000,600425000,31188,51943076
1618198740,1618198740,60,600425000,600425000,600800000,600425000,600795000,35919,59790544
1618198800,1618198800,60,600795000,600795000,601440000,600795000,601440000,275337,458031152
1618198860,1618198860,60,601440000,601450000,601935000,601445000,601935000,463439,770059013
1618198920,1618198920,60,601935000,601930000,602810000,601930000,602810000,1852674,3075918072
1618198980,1618198980,60,602810000,602810000,603070000,602580000,603070000,980128,1625657816
1618199040,1618199040,60,603070000,603070000,603930000,603065000,603925000,416589,690269169
1618199100,1618199100,60,603925000,603930000,603935000,602735000,602735000,842664,1396839400
1618199160,1618199160,60,602735000,602735000,603365000,602735000,603180000,316008,524069515
1618199220,1618199220,60,603180000,603180000,603180000,602315000,602315000,433191,718983127
1618199280,1618199280,60,602315000,602315000,602610000,602315000,602610000,205978,341816050
1618199340,1618199340,60,602610000,602655000,603005000,602655000,603005000,41725,69219008
1618199400,1618199400,60,603005000,603005000,603080000,603000000,603080000,820369,1360330829
1618199460,1618199460,60,603080000,603080000,603080000,603075000,603075000,20236,33554478
1618199520,1618199520,60,603075000,603075000,603450000,603075000,603450000,241435,400299792
1618199580,1618199580,60,603450000,603450000,604660000,603450000,604660000,583514,965524771
1618199640,1618199640,60,604660000,604655000,605000000,604440000,605000000,641439,1060603301
1618199700,1618199700,60,605000000,605000000,605000000,604295000,604300000,1283200,2121532770
1618199760,1618199760,60,604300000,604295000,604300000,604000000,604000000,175415,290343271
1618199820,1618199820,60,604000000,604000000,604055000,604000000,604040000,572982,948580946
1618199880,1618199880,60,604040000,604035000,604035000,604005000,604010000,84614,140086911
1618199940,1618199940,60,604010000,604005000,604430000,604005000,604430000,1498640,2480515578
1618200000,1618200000,60,604430000,604430000,605500000,604430000,604820000,2334269,3859079037
1618200060,1618200060,60,604820000,604825000,605500000,604820000,605500000,1129942,1867574231
1618200120,1618200120,60,605500000,605495000,605500000,605140000,605140000,607543,1003395310
1618200180,1618200180,60,605140000,605135000,605135000,604825000,604905000,295262,488113744
1618200240,1618200240,60,604905000,604905000,604905000,604115000,604115000,154699,256032604
1618200300,1618200300,60,604115000,604115000,604300000,603775000,604090000,1520387,2517766935
1618200360,1618200360,60,604090000,603940000,604360000,603635000,604360000,145544,240989057
1618200420,1618200420,60,604360000,604465000,604900000,604465000,604585000,184308,304741904
1618200480,1618200480,60,604585000,604590000,604915000,604585000,604910000,621289,1027363437
1618200540,1618200540,60,604910000,604915000,605080000,604700000,605080000,163303,270025256
1618200600,1618200600,60,605080000,605100000,605700000,605100000,605700000,232675,384276870
1618200660,1618200660,60,605700000,605700000,606585000,605700000,606390000,811540,1339128907
1618200720,1618200720,60,606390000,606390000,606585000,605950000,605950000,470419,775973430
1618200780,1618200780,60,605950000,605950000,606750000,605950000,606750000,2559785,4221567027
1618200840,1618200840,60,606750000,606750000,606875000,606600000,606610000,801212,1320549545
1618200900,1618200900,60,606610000,606680000,606875000,606680000,606875000,1686932,2780028885
1618200960,1618200960,60,606875000,606850000,606850000,605685000,606000000,3012696,4969804777
1618201020,1618201020,60,606000000,605995000,606220000,605755000,606220000,1808789,2984862012
1618201080,1618201080,60,606220000,606235000,606500000,606200000,606205000,1553071,2561298256
1618201140,1618201140,60,606205000,606205000,606205000,606100000,606100000,48759,80445233
1618201200,1618201200,60,606100000,606100000,606205000,606100000,606205000,884172,1458632439
1618201260,1618201260,60,606205000,606205000,606205000,606105000,606105000,498165,821789678
1618201320,1618201320,60,606105000,606100000,606105000,605195000,605365000,441862,729401686
1618201380,1618201380,60,605365000,605365000,605365000,605100000,605210000,1595616,2636901304
1618201440,1618201440,60,605210000,605210000,605445000,604635000,604635000,1155589,1909488398
1618201500,1618201500,60,604635000,604640000,605400000,604635000,605400000,371935,614552416
1618201560,1618201560,60,605400000,605395000,605400000,605395000,605400000,132883,219496207
1618201620,1618201620,60,605400000,605395000,605405000,605005000,605005000,901815,1489899927
1618201680,1618201680,60,605005000,605010000,605010000,604690000,604690000,236155,390488419
1618201740,1618201740,60,604690000,604690000,605185000,604690000,605170000,101452,167712085
1618201800,1618201800,60,605170000,605120000,605225000,605000000,605000000,290585,480300750
1618201860,1618201860,60,605000000,605000000,605000000,604820000,604820000,115610,191104767
1618201920,1618201920,60,604820000,604820000,604825000,603840000,603935000,1886959,3124318899
1618201980,1618201980,60,603935000,603935000,604580000,603500000,603500000,1278605,2116403617
1618202040,1618202040,60,603500000,603500000,603585000,603300000,603585000,1415196,2345004071
1618202100,1618202100,60,603585000,603615000,603740000,602500000,602500000,4077632,6763689915
1618202160,1618202160,60,602500000,602500000,603130000,602500000,602695000,482151,799482999
1618202220,1618202220,60,602695000,602700000,603295000,602700000,603230000,240577,398851734
1618202280,1618202280,60,603230000,603230000,603295000,602810000,602950000,347584,576341239
1618202340,1618202340,60,602950000,602950000,603415000,602885000,603415000,1112092,1843564492
1618202400,1618202400,60,603415000,603410000,603585000,603410000,603415000,127682,211566584
1618202460,1618202460,60,603415000,603415000,604080000,603375000,604080000,1650929,2733827125
1618202520,1618202520,60,604080000,604085000,604400000,604055000,604235000,88003,145645636
1618202580,1618202580,60,604235000,604235000,604240000,603465000,603465000,65055,107759500
1618202640,1618202640,60,603465000,603465000,603640000,603465000,603605000,297032,492072387
1618202700,1618202700,60,603605000,603605000,603605000,603050000,603050000,178386,295608235
1618202760,1618202760,60,603050000,603050000,603280000,603050000,603275000,232467,385442541
1618202820,1618202820,60,603275000,603200000,603290000,602695000,603100000,714625,1184950607
1618202880,1618202880,60,603100000,603280000,603335000,603095000,603100000,1059569,1756433275
1618202940,1618202940,60,603100000,603095000,603260000,603095000,603115000,90804,150556002
1618203000,1618203000,60,603115000,603110000,603115000,603050000,603055000,59702,98990406
1618203060,1618203060,60,603055000,603055000,603435000,603055000,603435000,616774,1022606027
1618203120,1618203120,60,603435000,603435000,603435000,603430000,603435000,13316,22067042
1618203180,1618203180,60,603435000,603430000,603435000,603430000,603435000,318664,528083438
1618203240,1618203240,60,603435000,603430000,603435000,603430000,603435000,47843,79284832
1618203300,1618203300,60,603435000,603435000,603435000,603430000,603435000,19594,32470767
1618203360,1618203360,60,603435000,603430000,603435000,602825000,602825000,54174,89792212
1618203420,1618203420,60,602825000,602825000,603000000,602825000,602870000,782842,1298284374
1618203480,1618203480,60,602870000,602865000,602870000,602045000,602125000,1490863,2475074242
1618203540,1618203540,60,602125000,602120000,602120000,601650000,601845000,1798342,2988294943
1618203600,1618203600,60,601845000,601850000,602220000,601850000,602220000,2719428,4516410413
1618203660,1618203660,60,602220000,602280000,602400000,602280000,602400000,58498,97116993
1618203720,1618203720,60,602400000,602400000,602430000,602350000,602350000,430919,715317748
1618203780,1618203780,60,602350000,602350000,602355000,602010000,602010000,171948,285491556
1618203840,1618203840,60,602010000,602010000,602015000,601500000,601500000,1124560,1869443966
1618203900,1618203900,60,601500000,601495000,601495000,601085000,601085000,233834,388931696
1618203960,1618203960,60,601085000,601085000,601195000,601085000,601190000,27008,44926478
1618204020,1618204020,60,601190000,601195000,601195000,601190000,601195000,22314,37116164
1618204080,1618204080,60,601195000,601190000,601195000,601005000,601015000,152627,253882541
1618204140,1618204140,60,601015000,601190000,601195000,601190000,601190000,37483,62347520
1618204200,1618204200,60,601190000,601195000,601840000,601195000,601840000,1355369,2252707720
1618204260,1618204260,60,601840000,601895000,602000000,601890000,602000000,84106,139715573
1618204320,1618204320,60,602000000,602000000,602000000,601995000,602000000,109312,181581387
1618204380,1618204380,60,602000000,602000000,602395000,601995000,602395000,1802115,2992624321
1618204440,1618204440,60,602395000,602395000,603300000,602395000,603270000,1718208,2849909869
1618204500,1618204500,60,603270000,603105000,603110000,602950000,603105000,39098,64832377
1618204560,1618204560,60,603105000,603110000,603110000,603105000,603105000,1006327,1668576746
1618204620,1618204620,60,603105000,603110000,603110000,602315000,602315000,133260,221066117
1618204680,1618204680,60,602315000,602315000,602320000,602315000,602320000,598230,993217486
1618204740,1618204740,60,602320000,602415000,602415000,602250000,602250000,15849,26313966
1618204800,1618204800,60,602250000,602250000,602505000,602250000,602505000,1299094,2156728843
1618204860,1618204860,60,602505000,602490000,602500000,602485000,602500000,641070,1064033652
1618204920,1618204920,60,602500000,602500000,602870000,602500000,602845000,3227152,5354262481
1618204980,1618204980,60,602845000,602845000,602845000,602840000,602845000,201528,334294874
1618205040,1618205040,60,602845000,602845000,602900000,602845000,602890000,823492,1365926947
1618205100,1618205100,60,602890000,602840000,602840000,602125000,602175000,253635,421062169
1618205160,1618205160,60,602175000,602175000,602315000,602175000,602315000,137491,228284428
1618205220,1618205220,60,602315000,602355000,602355000,602355000,602355000,5711,9481118
1618205280,1618205280,60,602355000,602360000,602365000,602355000,602365000,630856,1047307036
1618205340,1618205340,60,602365000,602375000,602440000,602370000,602435000,1294465,2148892499
1618205400,1618205400,60,602435000,602440000,602440000,602125000,602130000,36499,60606236
1618205460,1618205460,60,602130000,602130000,602130000,602015000,602015000,740149,1229416762
1618205520,1618205520,60,602015000,602015000,602205000,602015000,602150000,1348379,2239529310
1618205580,1618205580,60,602150000,602150000,602155000,601590000,601590000,237286,394201871
1618205640,1618205640,60,601590000,601585000,601585000,601360000,601360000,601587,1000285959
1618205700,1618205700,60,601360000,601365000,601395000,601365000,601395000,1042881,1734149387
1618205760,1618205760,60,601395000,601395000,601550000,601390000,601550000,2565811,4265877327
1618205820,1618205820,60,601550000,601545000,601590000,601490000,601590000,1038443,1726351455
1618205880,1618205880,60,601590000,601590000,601815000,601590000,601815000,875941,1455759584
1618205940,1618205940,60,601815000,601815000,601815000,601810000,601810000,189355,314639990
1618206000,1618206000,60,601810000,601815000,601965000,601810000,601965000,1623536,2697280430
1618206060,1618206060,60,601965000,601965000,601980000,601965000,601980000,71729,119155390
1618206120,1618206120,60,601980000,601980000,601980000,601975000,601980000,191352,317871030
1618206180,1618206180,60,601980000,601980000,601980000,601975000,601980000,14843,24656970
1618206240,1618206240,60,601980000,601980000,601980000,601980000,601980000,672,1116314
1618206300,1618206300,60,601980000,601975000,601980000,601975000,601975000,44423,73795276
1618206360,1618206360,60,601975000,601980000,601980000,601975000,601980000,6977,11590088
1618206420,1618206420,60,601980000,601980000,602445000,601980000,602445000,293210,487042437
1618206480,1618206480,60,602445000,602450000,602490000,602450000,602490000,2428,4030163
1618206540,1618206540,60,602490000,602460000,602465000,602235000,602235000,12520,20782390
1618206600,1618206600,60,602235000,602220000,602220000,602035000,602035000,9245,15354480
1618206660,1618206660,60,602035000,602025000,602025000,602025000,602025000,8485,14094095
1618206720,1618206720,60,602025000,602020000,602135000,602020000,602135000,64565,107245714
1618206780,1618206780,60,602135000,602140000,602220000,602095000,602100000,129753,215492674
1618206840,1618206840,60,602100000,602090000,602090000,601995000,601995000,16002,26580065
1618206900,1618206900,60,601995000,601995000,602000000,601995000,601995000,14675,24377257
1618206960,1618206960,60,601995000,601995000,602000000,601995000,601995000,4544,7548206
1618207020,1618207020,60,601995000,601995000,602000000,601995000,601995000,255959,425183901
1618207080,1618207080,60,601995000,601995000,602185000,601990000,602185000,26484,43990883
1618207140,1618207140,60,602185000,602190000,602280000,602190000,602280000,79354,131761584
1618207200,1618207200,60,602280000,602280000,602720000,602280000,602720000,66296,110065592
1618207260,1618207260,60,602720000,602720000,602730000,602440000,602440000,369907,613894432
1618207320,1618207320,60,602440000,602435000,602435000,602000000,602000000,521642,866069705
1618207380,1618207380,60,602000000,602005000,602005000,602000000,602000000,9368,15561458
1618207440,1618207440,60,602000000,601995000,602000000,601995000,602000000,74,122923
1618207500,1618207500,60,602000000,602000000,602020000,601995000,602020000,670848,1114330020
1618207560,1618207560,60,602020000,602020000,602020000,602015000,602015000,7488,12438227
1618207620,1618207620,60,602015000,602015000,602020000,602015000,602015000,98950,164364445
1618207680,1618207680,60,602015000,602015000,602020000,602015000,602020000,5009,8320336
1618207740,1618207740,60,602020000,602020000,602140000,602015000,602140000,87735,145716622
1618207800,1618207800,60,602140000,602200000,602285000,602170000,602170000,50390,83678864
1618207860,1618207860,60,602170000,602170000,602440000,602165000,602440000,27218,45192637
1618207920,1618207920,60,602440000,602485000,602555000,602485000,602555000,9349,15516883
1618207980,1618207980,60,602555000,602560000,602575000,602345000,602345000,1195452,1983954660
1618208040,1618208040,60,602345000,602290000,602295000,602145000,602145000,113774,188907727
1618208100,1618208100,60,602145000,602145000,602150000,602025000,602025000,3199,5312657
1618208160,1618208160,60,602025000,602015000,602020000,602015000,602020000,207769,345119760
1618208220,1618208220,60,602020000,602025000,602810000,602025000,602810000,1736637,2882168799
1618208280,1618208280,60,602810000,602850000,603135000,602850000,603025000,1575796,2613207928
1618208340,1618208340,60,603025000,602940000,602950000,602935000,602950000,42370,70272106
1618208400,1618208400,60,602950000,602955000,603640000,602955000,603640000,207072,343341555
1618208460,1618208460,60,603640000,603640000,603640000,603635000,603635000,20712,34311964
1618208520,1618208520,60,603635000,603635000,603640000,603005000,603010000,183787,304623786
1618208580,1618208580,60,603010000,603015000,603175000,603015000,603080000,1977440,3278683671
1618208640,1618208640,60,603080000,603105000,603180000,603105000,603180000,1087844,1803601237
1618208700,1618208700,60,603180000,603180000,603185000,603180000,603185000,411640,682444739
1618208760,1618208760,60,603185000,603185000,603320000,603185000,603315000,1298029,2151733678
1618208820,1618208820,60,603315000,603320000,603320000,603315000,603320000,23080,38254986
1618208880,1618208880,60,603320000,603320000,603565000,603320000,603565000,1151838,1908703637
1618208940,1618208940,60,603565000,603520000,603810000,603520000,603805000,2334388,3866930070
1618209000,1618209000,60,603805000,603810000,603920000,603810000,603890000,1400609,2319608594
1618209060,1618209060,60,603890000,603925000,603995000,603925000,603995000,71824,118915061
1618209120,1618209120,60,603995000,603995000,604440000,603995000,604440000,895705,1482143184
1618209180,1618209180,60,604440000,604460000,604500000,604390000,604395000,237547,392976922
1618209240,1618209240,60,604395000,604395000,604635000,604395000,604630000,399056,660073254
1618209300,1618209300,60,604630000,604630000,604630000,604605000,604605000,211107,349154705
1618209360,1618209360,60,604605000,604605000,604610000,604600000,604610000,124124,205297380
1618209420,1618209420,60,604610000,604610000,604610000,604400000,604400000,74937,123975369
1618209480,1618209480,60,604400000,604400000,604400000,604390000,604395000,15702,25979856
1618209540,1618209540,60,604395000,604400000,604460000,604400000,604460000,800265,1324003041
1618209600,1618209600,60,604460000,604460000,605125000,604460000,605100000,381153,630064854
1618209660,1618209660,60,605100000,605130000,605625000,605130000,605625000,238277,393562981
1618209720,1618209720,60,605625000,605625000,605875000,605620000,605660000,484651,800057258
1618209780,1618209780,60,605660000,605655000,605660000,605655000,605660000,195342,322529422
1618209840,1618209840,60,605660000,605660000,605660000,604955000,605130000,741214,1224754078
1618209900,1618209900,60,605130000,605080000,605300000,605080000,605155000,84320,139322667
1618209960,1618209960,60,605155000,605155000,605375000,605090000,605365000,1788745,2955036045
1618210020,1618210020,60,605365000,605360000,605365000,605000000,605180000,229330,378881775
1618210080,1618210080,60,605180000,605180000,605180000,604375000,604380000,478608,791800084
1618210140,1618210140,60,604380000,604375000,604375000,604325000,604360000,676543,1119475583
1618210200,1618210200,60,604360000,604355000,605000000,604355000,605000000,1424356,2355261722
1618210260,1618210260,60,605000000,605005000,605750000,605005000,605750000,473658,782054098
1618210320,1618210320,60,605750000,605745000,606380000,605745000,606380000,826801,1364351926
1618210380,1618210380,60,606380000,606380000,606395000,606000000,606390000,200123,330170391
1618210440,1618210440,60,606390000,606395000,607835000,606390000,607390000,1145227,1886731088
1618210500,1618210500,60,607390000,607430000,607485000,606685000,607000000,1973716,3251766404
1618210560,1618210560,60,607000000,607105000,608400000,607105000,608400000,1560306,2566180883
1618210620,1618210620,60,608400000,608400000,608900000,608400000,608895000,2387340,3922082317
1618210680,1618210680,60,608895000,608900000,609390000,608895000,609230000,2051375,3368090122
1618210740,1618210740,60,609230000,609230000,609230000,608705000,609045000,460212,755680336
1618210800,1618210800,60,609045000,609040000,609965000,609040000,609710000,1938460,3180083132
1618210860,1618210860,60,609710000,609710000,610440000,609710000,610155000,1659225,2719893385
1618210920,1618210920,60,610155000,610155000,610155000,608305000,608395000,751034,1232544579
1618210980,1618210980,60,608395000,608395000,608805000,608215000,608495000,2186532,3592334862
1618211040,1618211040,60,608495000,608495000,608535000,608000000,608110000,1524245,2505196633
1618211100,1618211100,60,608110000,608105000,608760000,608105000,608755000,414827,681839110
1618211160,1618211160,60,608755000,608760000,608760000,607865000,608395000,940315,1545364167
1618211220,1618211220,60,608395000,608425000,608430000,608420000,608420000,124261,204233807
1618211280,1618211280,60,608420000,608345000,608345000,608000000,608185000,1190256,1957512125
1618211340,1618211340,60,608185000,608220000,608420000,608220000,608420000,1192946,1960897662
1618211400,1618211400,60,608420000,608430000,608495000,608425000,608495000,750026,1232678169
1618211460,1618211460,60,608495000,608495000,609125000,608490000,609125000,816116,1340671629
1618211520,1618211520,60,609125000,609125000,610000000,609120000,610000000,847587,1390449533
1618211580,1618211580,60,610000000,610000000,610995000,609995000,610920000,982550,1609670393
1618211640,1618211640,60,610920000,610915000,610915000,609225000,609225000,423617,694587325
1618211700,1618211700,60,609225000,609355000,610305000,609355000,610305000,2896614,4748006233
1618211760,1618211760,60,610305000,610315000,610315000,609585000,609995000,893273,1464487730
1618211820,1618211820,60,609995000,609990000,610190000,609610000,609610000,1543294,2530449920
1618211880,1618211880,60,609610000,609580000,609805000,609525000,609805000,1164327,1909751687
1618211940,1618211940,60,609805000,609805000,610400000,609805000,610400000,387138,634621030
1618212000,1618212000,60,610400000,610395000,611330000,610395000,611300000,990000,1620966425
1618212060,1618212060,60,611300000,611295000,611295000,610600000,610720000,438763,718465121
1618212120,1618212120,60,610720000,610720000,610860000,609765000,609765000,1028570,1684710498
1618212180,1618212180,60,609765000,609770000,609770000,609180000,609680000,680509,1116564432
1618212240,1618212240,60,609680000,609685000,610105000,609575000,610105000,224922,368806218
1618212300,1618212300,60,610105000,610105000,610105000,610000000,610020000,713661,1169888042
1618212360,1618212360,60,610020000,610025000,611025000,610020000,611025000,1728465,2831471853
1618212420,1618212420,60,611025000,611020000,611860000,611020000,611775000,1849055,3023789185
1618212480,1618212480,60,611775000,611770000,611910000,611490000,611850000,1057423,1728565066
1618212540,1618212540,60,611850000,611865000,611915000,611805000,611850000,1171889,1915267825
1618212600,1618212600,60,611850000,611850000,611855000,611645000,611745000,1365427,2232206659
1618212660,1618212660,60,611745000,611750000,612220000,611650000,612220000,735950,1202933003
1618212720,1618212720,60,612220000,612220000,613765000,612215000,613765000,2398164,3911997001
1618212780,1618212780,60,613765000,613760000,614305000,613100000,613100000,821190,1337739913
1618212840,1618212840,60,613100000,613100000,613360000,611650000,611650000,917333,1497843023
1618212900,1618212900,60,611650000,611645000,612650000,611435000,612650000,3133601,5117915027
1618212960,1618212960,60,612650000,612645000,612650000,612225000,612300000,160335,261803589
1618213020,1618213020,60,612300000,612300000,612305000,611410000,611410000,1255399,2052291031
1618213080,1618213080,60,611410000,611585000,611590000,610430000,610450000,2868231,4695073931
1618213140,1618213140,60,610450000,610455000,610890000,610450000,610890000,477281,781562770
1618213200,1618213200,60,610890000,611010000,611060000,610635000,610635000,394438,645663487
1618213260,1618213260,60,610635000,610640000,610755000,610640000,610750000,1249693,2046234478
1618213320,1618213320,60,610750000,610755000,610925000,610575000,610575000,614372,1005854365
1618213380,1618213380,60,610575000,610580000,610755000,610380000,610620000,164053,268702899
1618213440,1618213440,60,610620000,610630000,611210000,610630000,610895000,1676148,2742960867
1618213500,1618213500,60,610895000,610920000,610920000,610530000,610530000,197461,323283226
1618213560,1618213560,60,610530000,610530000,610535000,609660000,609665000,1047232,1717490664
1618213620,1618213620,60,609665000,609660000,609665000,609460000,609480000,466049,764599610
1618213680,1618213680,60,609480000,609485000,609850000,609485000,609550000,174511,286210798
1618213740,1618213740,60,609550000,609550000,609550000,607050000,607980000,3673719,6043411306
1618213800,1618213800,60,607980000,607985000,608780000,607665000,608780000,169880,279127842
1618213860,1618213860,60,608780000,608780000,608780000,608355000,608765000,1000668,1644480699
1618213920,1618213920,60,608765000,608765000,609420000,608760000,609395000,707984,1161868495
1618213980,1618213980,60,609395000,609395000,609465000,609260000,609420000,217027,356144644
1618214040,1618214040,60,609420000,609395000,609395000,608820000,608820000,742769,1219445242
1618214100,1618214100,60,608820000,608815000,608815000,608545000,608580000,238570,391915871
1618214160,1618214160,60,608580000,608530000,608825000,608225000,608825000,318364,523254511
1618214220,1618214220,60,608825000,608820000,608825000,608665000,608665000,71163,116913307
1618214280,1618214280,60,608665000,608665000,608665000,608275000,608475000,803725,1321101709
1618214340,1618214340,60,608475000,608625000,608625000,608120000,608120000,249626,410368938
1618214400,1618214400,60,608120000,608120000,609130000,606910000,607180000,4715134,7753268425
1618214460,1618214460,60,607180000,607435000,608715000,607435000,608715000,314510,517033914
1618214520,1618214520,60,608715000,608715000,608945000,608710000,608945000,332456,546011288
1618214580,1618214580,60,608945000,608945000,608945000,608700000,608705000,199696,328014349
1618214640,1618214640,60,608705000,608705000,608725000,608440000,608725000,254895,418807508
1618214700,1618214700,60,608725000,608725000,608905000,608725000,608865000,139001,228294789
1618214760,1618214760,60,608865000,608860000,608860000,608050000,608050000,398430,654929124
1618214820,1618214820,60,608050000,608000000,608000000,607700000,607705000,206321,339394136
1618214880,1618214880,60,607705000,607705000,607705000,607200000,607570000,1193240,1964175803
1618214940,1618214940,60,607570000,607495000,607555000,607390000,607390000,238209,392173412
1618215000,1618215000,60,607390000,607390000,608060000,607390000,608060000,271364,446461611
1618215060,1618215060,60,608060000,608100000,608125000,607900000,608125000,390578,642352353
1618215120,1618215120,60,608125000,608125000,608160000,608005000,608010000,352781,580127086
1618215180,1618215180,60,608010000,608010000,608150000,608010000,608150000,70307,115612192
